class_name,precision,recall,f1_score,support
backdoor,1.0,0.9997327632282202,0.9998663637578511,3742.0
ransomware,0.9993215739484396,0.999660671869698,0.9994910941475827,2947.0
normal,0.998216621091428,0.9985727878211227,0.9983946726915988,8408.0
password,0.9964646464646465,0.9934541792547835,0.9949571356530509,3972.0
scanning,0.9870935716058575,0.99425,0.9906588616266035,4000.0
dos,0.990503824848325,0.9884180047380889,0.9894598155467721,3799.0
ddos,0.990188679245283,0.9842460615153789,0.9872084273890143,3999.0
injection,0.9777833880333249,0.9699474079639369,0.9738496354035705,3993.0
xss,0.9622272875284924,0.9762140733399405,0.9691702197441784,3027.0
